ID,Password,Done Test
unlim,unlim,-913
user1,1,0
user2,2,0
user3,3,0
user4,4,0
user5,5,0
user6,6,0
user7,7,0
user8,8,0
user9,9,0
user10,10,0
user11,11,0
user12,12,0
user13,13,0
user14,14,0
user15,15,0
user16,16,0
user17,17,0
user18,18,0
user19,19,0
user20,20,0
user21,21,0
user22,22,0
user23,23,0
user24,24,0
user25,25,0
user26,26,0
user27,27,0
user28,28,0
user29,29,0
user30,30,0
user31,31,0
user32,32,0
user33,33,0
user34,34,0
user35,35,0
user36,36,0
user37,37,0
user38,38,0
user39,39,0
user40,40,0
user41,41,0
user42,42,0
user43,43,0
user44,44,0
user45,45,0
user46,46,0
user47,47,0
user48,48,0
user49,49,0
user50,50,0
user51,51,0
user52,52,0
user53,53,0
user54,54,0
user55,55,0
user56,56,0
user57,57,0
user58,58,0
user59,59,0
user60,60,0
user61,61,0
user62,62,0
user63,63,0
user64,64,0
user65,65,0
user66,66,0
user67,67,0
user68,68,0
user69,69,0
user70,70,0
user71,71,0
user72,72,0
user73,73,0
user74,74,0
user75,75,0
user76,76,0
user77,77,0
user78,78,0
user79,79,0
user80,80,0
user81,81,0
user82,82,0
user83,83,0
user84,84,0
user85,85,0
user86,86,0
user87,87,0
user88,88,0
user89,89,0
user90,90,0
user91,91,0
user92,92,0
user93,93,0
user94,94,0
user95,95,0
user96,96,0
user97,97,0
user98,98,0
user99,99,0
user100,100,0
